<?xml version="1.0" encoding="UTF-8" standalone="yes"?>
<addon id="plugin.video.DAMPzard" name="DAMPzard" version="1.0.2" provider-name="DAMPzard.com">
  <requires>
    <import addon="xbmc.python" version="2.1.0"/>
  </requires>
  <extension point="xbmc.python.pluginsource" library="default.py">
        <provides>video executable</provides>
  </extension>
  <extension point="xbmc.addon.metadata">
    <summary lang="en">DAMPzard</summary>
    <description lang="en">Easy Install With KODI / XBMC Wizard / ##CREDIT TO LEE @ COMMUNITY BUILDS FOR WRITING THE FORCE CLOSE FUNCTION AND ANY OTHER DEVS WHO CREATED ANY MODULES USED##
</description>
    <platform>all</platform>
  </extension>
</addon>
